epoch,error
1.0,0.11160081231235316
2.0,0.0946365790637163
3.0,0.06691661016134069
4.0,0.026492158020575782
5.0,0.0019611013406123025
6.0,0.00021947079358386001
7.0,5.99161674926405e-05
8.0,6.320722689047771e-06
9.0,5.546090839424605e-06
10.0,4.456427233203642e-06
11.0,1.9930607151969245e-06
12.0,4.956101904585956e-07
13.0,4.5158768854974424e-08
14.0,5.113103622509982e-10
15.0,2.31766581646735e-14
16.0,7.423748733749609e-23
