epoch,error
1.0,0.49824190684208186
2.0,0.4955608463493047
3.0,0.12202018316800976
4.0,0.11955818537609325
5.0,0.1119398510030159
6.0,0.09894049885660365
7.0,0.05583470819940743
8.0,0.03334092235537853
9.0,0.0165252051912082
10.0,0.002584778493069564
11.0,4.357312375576225e-05
12.0,5.879386246234095e-07
13.0,1.5365780337107482e-08
14.0,4.980305040630026e-12
15.0,7.196469736167795e-22
